AdeptHumanMale , sfxgamempcontent.sfxpowercustomactionmp_singularity , sfxgamempcontent.SFXPowerCustomActionMP_Warp , sfxgamempcontent.SFXPowerCustomActionMP_Shockwave , sfxgamempcontent.sfxpowercustomactionmp_humanpassive , sfxgamempcontent.SFXPowerCustomActionMP_HumanMeleePassive_Adept
AdeptHumanFemale , sfxgamempcontent.sfxpowercustomactionmp_singularity , sfxgamempcontent.SFXPowerCustomActionMP_Warp , sfxgamempcontent.SFXPowerCustomActionMP_Shockwave , sfxgamempcontent.sfxpowercustomactionmp_humanpassive , sfxgamempcontent.SFXPowerCustomActionMP_HumanMeleePassive_Adept
AdeptAsari , sfxgamempcontent.SFXPowerCustomActionMP_Stasis , sfxgamempcontent.SFXPowerCustomActionMP_Warp , sfxgamempcontent.SFXPowerCustomActionMP_Throw , sfxgamempcontent.sfxpowercustomactionmp_asaripassive , sfxgamempcontent.SFXPowerCustomActionMP_AsariMeleePassive
AdeptDrell , sfxgamempcontent.sfxpowercustomactionmp_reave , sfxgamempcontent.SFXPowerCustomActionMP_Pull , sfxgamempcontent.SFXPowerCustomActionMP_BioticGrenade , sfxgamempcontent.sfxpowercustomactionmp_drellpassive , sfxgamempcontent.SFXPowerCustomActionMP_DrellMeleePassive
AdeptAsariCommando , sfxgamecontentdlc_con_mp1.SFXPowerCustomActionMP_BubbleShield , sfxgamecontentdlc_con_mp1.SFXPowerCustomActionMP_Reave_Asari , sfxgamecontentdlc_con_mp1.SFXPowerCustomActionMP_Pull_Asari , sfxgamecontentdlc_con_mp1.sfxpowercustomactionmp_asaricommandopassive , sfxgamecontentdlc_con_mp1.SFXPowerCustomActionMP_AsariMeleePassive_Commando
AdeptHumanMaleCerberus , sfxgamempcontent.sfxpowercustomactionmp_singularity , sfxgamecontentdlc_con_mp2.SFXPowerCustomAction_WhipSmash , sfxgamecontentdlc_con_mp2.SFXPowerCustomActionMP_Lash , sfxgamecontentdlc_con_mp2.sfxpowercustomactionmp_whipmanpassive , sfxgamecontentdlc_con_mp2.SFXPowerCustomActionMP_WhipManMeleePassive
AdeptN7 , sfxgamecontentdlc_con_mp3.SFXPowerCustomActionMP_AnnihilationSphere , sfxgamecontentdlc_con_mp3.SFXPowerCustomActionMP_DarkChannel2 , sfxgamecontentdlc_con_mp3.SFXPowerCustomActionMP_Throw_N7 , sfxgamecontentdlc_con_mp3.SFXPowerCustomActionMP_N7AdeptPassive , sfxgamecontentdlc_con_mp3.SFXPowerCustomActionMP_N7AdeptMeleePassive
AdeptVolus , sfxgamempcontent.SFXPowerCustomActionMP_Stasis , sfxgamecontentdlc_con_mp4.SFXPowerCustomActionMP_BioticOrbs , sfxgamecontentdlc_con_mp4.SFXPowerCustomActionMP_ShieldBoost , sfxgamecontentdlc_con_mp4.SFXPowerCustomActionMP_VolusPassive , sfxgamecontentdlc_con_mp4.SFXPowerCustomActionMP_VolusMeleePassive
AdeptKrogan , sfxgamecontentdlc_shared.SFXPowerCustomActionMP_Barrier_Shared , sfxgamempcontent.SFXPowerCustomActionMP_Warp , sfxgamempcontent.SFXPowerCustomActionMP_Shockwave , sfxgamempcontent.sfxpowercustomactionmp_kroganpassive , sfxgamempcontent.SFXPowerCustomActionMP_KroganMeleePassive
AdeptBatarian , sfxgamecontentdlc_shared.SFXPowerCustomActionMP_Lash_Shared , sfxgamempcontent.SFXPowerCustomActionMP_Warp , sfxgamempcontent.SFXPowerCustomActionMP_BioticGrenade , sfxgamecontentdlc_shared.SFXPowerCustomActionMP_BatarianPassive_Shared , sfxgamecontentdlc_shared.SFXPowerCustomActionMP_BatarianMeleePassive_Shared
AdeptCollector , sfxgamecontentdlc_con_mp5.SFXPowerCustomAction_DarkSingularity , sfxgamecontentdlc_con_mp5.SFXPowerCustomActionMP_SeekerSwarm , sfxgamecontentdlc_con_mp5.SFXPowerCustomActionMP_DarkChannelProthean , sfxgamecontentdlc_con_mp5.SFXPowerCustomActionMP_CollectorPassive , sfxgamecontentdlc_con_mp5.SFXPowerCustomActionMP_ProtheanMeleePassive
SoldierHumanMale , sfxgamempcontent.SFXPowerCustomActionMP_AdrenalineRush , sfxgamempcontent.sfxpowercustomactionmp_concussiveshot , sfxgamempcontent.SFXPowerCustomActionMP_FragGrenade , sfxgamempcontent.sfxpowercustomactionmp_humanpassive , sfxgamempcontent.SFXPowerCustomActionMP_HumanMeleePassive_Soldier
SoldierHumanFemale , sfxgamempcontent.SFXPowerCustomActionMP_AdrenalineRush , sfxgamempcontent.sfxpowercustomactionmp_concussiveshot , sfxgamempcontent.SFXPowerCustomActionMP_FragGrenade , sfxgamempcontent.sfxpowercustomactionmp_humanpassive , sfxgamempcontent.SFXPowerCustomActionMP_HumanMeleePassive_Soldier
SoldierKrogan , sfxgamempcontent.SFXPowerCustomActionMP_Fortification , sfxgamempcontent.SFXPowerCustomActionMP_Carnage , sfxgamempcontent.SFXPowerCustomActionMP_InfernoGrenade , sfxgamempcontent.sfxpowercustomactionmp_kroganpassive , sfxgamempcontent.SFXPowerCustomActionMP_KroganMeleePassive
SoldierTurian , sfxgamempcontent.sfxpowercustomactionmp_marksman , sfxgamempcontent.sfxpowercustomactionmp_concussiveshot , sfxgamempcontent.SFXPowerCustomActionMP_ProximityMine , sfxgamempcontent.sfxpowercustomactionmp_turianpassive , sfxgamempcontent.SFXPowerCustomActionMP_TurianMeleePassive
SoldierHumanMaleBF3 , sfxgamempcontent.SFXPowerCustomActionMP_AdrenalineRush , sfxgamempcontent.SFXPowerCustomActionMP_Carnage , sfxgamempcontent.SFXPowerCustomActionMP_FragGrenade , sfxgamempcontent.sfxpowercustomactionmp_humanpassive , sfxgamempcontent.SFXPowerCustomActionMP_HumanMeleePassive_Soldier
SoldierBatarian , sfxgamecontentdlc_con_mp1.sfxpowercustomactionmp_batarianattack , sfxgamecontentdlc_con_mp1.SFXPowerCustomActionMP_BatarianArmor , sfxgamecontentdlc_con_mp1.SFXPowerCustomActionMP_InfernoGrenade_Batarian , sfxgamecontentdlc_con_mp1.sfxpowercustomactionmp_batarianpassive , sfxgamecontentdlc_con_mp1.SFXPowerCustomActionMP_BatarianMeleePassive
SoldierVorcha , sfxgamecontentdlc_con_mp2.SFXPowerCustomActionMP_Bloodlust , sfxgamecontentdlc_con_mp2.sfxpowercustomactionmp_flamer , sfxgamempcontent.SFXPowerCustomActionMP_Carnage , sfxgamecontentdlc_con_mp2.sfxpowercustomactionmp_vorchapassive , sfxgamecontentdlc_con_mp2.SFXPowerCustomActionMP_VorchaMeleePassive
SoldierN7 , sfxgamecontentdlc_con_mp3.SFXPowerCustomAction_DevestatorMode , sfxgamecontentdlc_con_mp3.SFXPowerCustomAction_MissileLauncher , sfxgamecontentdlc_con_mp3.SFXPowerCustomAction_MultiFragGrenade , sfxgamempcontent.sfxpowercustomactionmp_humanpassive , sfxgamempcontent.SFXPowerCustomActionMP_HumanMeleePassive_Soldier
N7SoldierTurian , sfxgamecontentdlc_con_mp4.SFXPowerCustomActionMP_JetPackCharge , sfxgamecontentdlc_con_mp4.SFXPowerCustomActionMP_StimPack , sfxgamempcontent.SFXPowerCustomActionMP_CryoBlast , sfxgamecontentdlc_con_mp4.SFXPowerCustomActionMP_N7TurianPassive , sfxgamecontentdlc_con_mp4.SFXPowerCustomActionMP_N7TurianMeleePassive
SoldierGeth , sfxgamecontentdlc_shared.SFXPowerCustomActionMP_Flamer_Shared , sfxgamempcontent.SFXPowerCustomActionMP_Fortification , sfxgamecontentdlc_shared.SFXPowerCustomActionMP_Supercharge_Shared , sfxgamecontentdlc_shared.SFXPowerCustomActionMP_GethPassive_Shared , sfxgamecontentdlc_shared.SFXPowerCustomActionMP_GethMeleePassive_Shared
SoldierMQuarian , sfxgamempcontent.sfxpowercustomactionmp_marksman , sfxgamecontentdlc_shared.SFXPowerCustomActionMP_Damping_Shared , sfxgamempcontent.SFXPowerCustomActionMP_AIHacking , sfxgamecontentdlc_shared.SFXPowerCustomActionMP_MaleQuarianPassive_Shared , sfxgamecontentdlc_shared.SFXPowerCustomActionMP_MaleQuarianMeleePassive_Shared
SoldierGethDestroyer , sfxgamecontentdlc_con_mp5.SFXPowerCustomActionMP_HexShield , sfxgamecontentdlc_con_mp5.SFXPowerCustomActionMP_SiegePulse , sfxgamecontentdlc_con_mp5.SFXPowerCustomActionMP_GethSentryTurret_MP5 , sfxgamecontentdlc_con_mp5.SFXPowerCustomActionMP_GethDestroyerPassive , sfxgamecontentdlc_con_mp5.SFXPowerCustomActionMP_GethDestroyerMeleePassive
EngineerHumanMale , sfxgamempcontent.SFXPowerCustomActionMP_CombatDrone , sfxgamempcontent.SFXPowerCustomActionMP_Incinerate , sfxgamempcontent.SFXPowerCustomActionMP_Overload , sfxgamempcontent.sfxpowercustomactionmp_humanpassive , sfxgamempcontent.SFXPowerCustomActionMP_HumanMeleePassive_Engineer
EngineerHumanFemale , sfxgamempcontent.SFXPowerCustomActionMP_CombatDrone , sfxgamempcontent.SFXPowerCustomActionMP_Incinerate , sfxgamempcontent.SFXPowerCustomActionMP_Overload , sfxgamempcontent.sfxpowercustomactionmp_humanpassive , sfxgamempcontent.SFXPowerCustomActionMP_HumanMeleePassive_Engineer
EngineerQuarian , sfxgamempcontent.SFXPowerCustomActionMP_SentryTurret , sfxgamempcontent.SFXPowerCustomActionMP_Incinerate , sfxgamempcontent.SFXPowerCustomActionMP_CryoBlast , sfxgamempcontent.sfxpowercustomactionmp_femquarianpassive , sfxgamempcontent.SFXPowerCustomActionMP_FemQuarianMeleePassive
EngineerSalarian , sfxgamempcontent.SFXPowerCustomActionMP_EnergyDrain , sfxgamempcontent.SFXPowerCustomActionMP_Decoy , sfxgamempcontent.SFXPowerCustomActionMP_Incinerate , sfxgamempcontent.sfxpowercustomactionmp_salarianpassive , sfxgamempcontent.SFXPowerCustomActionMP_SalarianMeleePassive
EngineerGeth , sfxgamecontentdlc_con_mp1.SFXPowerCustomActionMP_GethSentryTurret , sfxgamecontentdlc_con_mp1.SFXPowerCustomActionMP_Supercharge , sfxgamecontentdlc_con_mp1.SFXPowerCustomActionMP_Overload_Geth , sfxgamecontentdlc_con_mp1.sfxpowercustomactionmp_gethpassive , sfxgamecontentdlc_con_mp1.SFXPowerCustomActionMP_GethMeleePassive
EngineerQuarianMale , sfxgamecontentdlc_con_mp2.sfxpowercustomactionmp_damping , sfxgamempcontent.SFXPowerCustomActionMP_Incinerate , sfxgamecontentdlc_con_mp2.SFXPowerCustomAction_EMPGrenade , sfxgamecontentdlc_con_mp2.sfxpowercustomactionmp_malequarianpassive , sfxgamecontentdlc_con_mp2.SFXPowerCustomActionMP_MaleQuarianMeleePassive
EngineerN7 , sfxgamecontentdlc_con_mp3.SFXPowerCustomActionMP_SupplyTurret , sfxgamecontentdlc_con_mp3.SFXPowerCustomActionMP_EMPGrenade2 , sfxgamecontentdlc_con_mp3.SFXPowerCustomActionMP_HomingGrenade , sfxgamecontentdlc_con_mp3.SFXPowerCustomActionMP_N7EngineerPassive , sfxgamecontentdlc_con_mp3.SFXPowerCustomActionMP_N7EngineerMeleePassive
EngineerVolus , sfxgamecontentdlc_con_mp4.SFXPowerCustomActionMP_ReconMine , sfxgamempcontent.SFXPowerCustomActionMP_ProximityMine , sfxgamecontentdlc_con_mp4.SFXPowerCustomActionMP_ShieldBoost , sfxgamecontentdlc_con_mp4.SFXPowerCustomActionMP_VolusPassive , sfxgamecontentdlc_con_mp4.SFXPowerCustomActionMP_VolusMeleePassive
EngineerTurian , sfxgamempcontent.SFXPowerCustomActionMP_SentryTurret , sfxgamempcontent.SFXPowerCustomActionMP_AIHacking , sfxgamecontentdlc_shared.SFXPowerCustomActionMP_HomingGrenade_Shared , sfxgamecontentdlc_con_mp4.SFXPowerCustomActionMP_N7TurianPassive , sfxgamecontentdlc_con_mp4.SFXPowerCustomActionMP_N7TurianMeleePassive
EngineerVorcha , sfxgamecontentdlc_shared.SFXPowerCustomActionMP_BatarianNet_Shared , sfxgamempcontent.SFXPowerCustomActionMP_Incinerate , sfxgamecontentdlc_shared.SFXPowerCustomActionMP_Bloodlust_Shared , sfxgamecontentdlc_shared.SFXPowerCustomActionMP_VorchaPassive_Shared , sfxgamecontentdlc_shared.SFXPowerCustomActionMP_VorchaMeleePassive_Shared
EngineerMerc , sfxgamecontentdlc_con_mp5.SFXPowerCustomActionMP_CainMine , sfxgamecontentdlc_con_mp5.SFXPowerCustomActionMP_MercBowModalOne , sfxgamecontentdlc_con_mp5.SFXPowerCustomActionMP_MercBowModalTwo , sfxgamecontentdlc_con_mp5.SFXPowerCustomActionMP_MercPassive , sfxgamecontentdlc_con_mp5.SFXPowerCustomActionMP_MercMeleePassive
SentinelHumanMale , sfxgamempcontent.SFXPowerCustomActionMP_TechArmor , sfxgamempcontent.SFXPowerCustomActionMP_Warp , sfxgamempcontent.SFXPowerCustomActionMP_Throw , sfxgamempcontent.sfxpowercustomactionmp_humanpassive , sfxgamempcontent.SFXPowerCustomActionMP_HumanMeleePassive_Sentinel
SentinelHumanFemale , sfxgamempcontent.SFXPowerCustomActionMP_TechArmor , sfxgamempcontent.SFXPowerCustomActionMP_Warp , sfxgamempcontent.SFXPowerCustomActionMP_Throw , sfxgamempcontent.sfxpowercustomactionmp_humanpassive , sfxgamempcontent.SFXPowerCustomActionMP_HumanMeleePassive_Sentinel
SentinelTurian , sfxgamempcontent.SFXPowerCustomActionMP_TechArmor_Turian , sfxgamempcontent.SFXPowerCustomActionMP_Warp , sfxgamempcontent.SFXPowerCustomActionMP_Overload , sfxgamempcontent.sfxpowercustomactionmp_turianpassive , sfxgamempcontent.SFXPowerCustomActionMP_TurianMeleePassive
SentinelKrogan , sfxgamempcontent.SFXPowerCustomActionMP_TechArmor_Krogan , sfxgamempcontent.SFXPowerCustomActionMP_Incinerate , sfxgamempcontent.SFXPowerCustomActionMP_LiftGrenade , sfxgamempcontent.sfxpowercustomactionmp_kroganpassive , sfxgamempcontent.SFXPowerCustomActionMP_KroganMeleePassive
SentinelBatarian , sfxgamecontentdlc_con_mp1.SFXPowerCustomActionMP_BatarianArmor , sfxgamecontentdlc_con_mp1.SFXPowerCustomActionMP_Shockwave_Batarian , sfxgamecontentdlc_con_mp1.SFXPowerCustomActionMP_BatarianNet , sfxgamecontentdlc_con_mp1.sfxpowercustomactionmp_batarianpassive , sfxgamecontentdlc_con_mp1.SFXPowerCustomActionMP_BatarianMeleePassive
SentinelVorcha , sfxgamecontentdlc_con_mp2.SFXPowerCustomActionMP_Bloodlust , sfxgamecontentdlc_con_mp2.sfxpowercustomactionmp_flamer , sfxgamempcontent.SFXPowerCustomActionMP_BioticGrenade , sfxgamecontentdlc_con_mp2.sfxpowercustomactionmp_vorchapassive , sfxgamecontentdlc_con_mp2.SFXPowerCustomActionMP_VorchaMeleePassive
SentinelN7 , sfxgamempcontent.SFXPowerCustomActionMP_EnergyDrain , sfxgamempcontent.SFXPowerCustomActionMP_Incinerate , sfxgamecontentdlc_con_mp3.SFXPowerCustomActionMP_CryoCone , sfxgamecontentdlc_con_mp3.SFXPowerCustomActionMP_N7SentinelPassive , sfxgamecontentdlc_con_mp3.SFXPowerCustomActionMP_N7SentinelMeleePassive
SentinelVolus , sfxgamecontentdlc_con_mp4.SFXPowerCustomActionMP_Decoy_Volus , sfxgamempcontent.SFXPowerCustomActionMP_CombatDrone , sfxgamecontentdlc_con_mp4.SFXPowerCustomActionMP_ShieldBoost , sfxgamecontentdlc_con_mp4.SFXPowerCustomActionMP_VolusPassive , sfxgamecontentdlc_con_mp4.SFXPowerCustomActionMP_VolusMeleePassive
SentinelAsari , sfxgamempcontent.SFXPowerCustomActionMP_TechArmor , sfxgamempcontent.SFXPowerCustomActionMP_Warp , sfxgamecontentdlc_shared.SFXPowerCustomActionMP_AnnihilationSphere_Shared , sfxgamecontentdlc_con_mp4.SFXPowerCustomActionMP_AsariPassive_Sentinel , sfxgamempcontent.SFXPowerCustomActionMP_AsariMeleePassive
SentinelKroganWarlord , sfxgamecontentdlc_con_mp5.SFXPowerCustomActionMP_TechArmor_Warlord , sfxgamecontentdlc_con_mp5.SFXPowerCustomActionMP_BioticHammerModal , sfxgamecontentdlc_con_mp5.SFXPowerCustomActionMP_TechHammerModal , sfxgamecontentdlc_con_mp5.SFXPowerCustomActionMP_WarlordPassive , sfxgamecontentdlc_con_mp5.SFXPowerCustomActionMP_WarlordMeleePassive
InfiltratorHumanMale , sfxgamempcontent.SFXPowerCustomActionMP_Cloak , sfxgamempcontent.SFXPowerCustomActionMP_CryoBlast , sfxgamempcontent.SFXPowerCustomActionMP_StickyGrenade , sfxgamempcontent.sfxpowercustomactionmp_humanpassive , sfxgamempcontent.SFXPowerCustomActionMP_HumanMeleePassive_Infiltrator
InfiltratorHumanFemale , sfxgamempcontent.SFXPowerCustomActionMP_Cloak , sfxgamempcontent.SFXPowerCustomActionMP_CryoBlast , sfxgamempcontent.SFXPowerCustomActionMP_StickyGrenade , sfxgamempcontent.sfxpowercustomactionmp_humanpassive , sfxgamempcontent.SFXPowerCustomActionMP_HumanMeleePassive_Infiltrator
InfiltratorSalarian , sfxgamempcontent.SFXPowerCustomActionMP_Cloak , sfxgamempcontent.SFXPowerCustomActionMP_ProximityMine , sfxgamempcontent.SFXPowerCustomActionMP_EnergyDrain , sfxgamempcontent.sfxpowercustomactionmp_salarianpassive , sfxgamempcontent.SFXPowerCustomActionMP_SalarianMeleePassive
InfiltratorQuarian , sfxgamempcontent.SFXPowerCustomActionMP_Cloak , sfxgamempcontent.SFXPowerCustomActionMP_StickyGrenade , sfxgamempcontent.SFXPowerCustomActionMP_AIHacking , sfxgamempcontent.sfxpowercustomactionmp_femquarianpassive , sfxgamempcontent.SFXPowerCustomActionMP_FemQuarianMeleePassive
InfiltratorGeth , sfxgamecontentdlc_con_mp1.SFXPowerCustomActionMP_Cloak_Geth , sfxgamecontentdlc_con_mp1.SFXPowerCustomActionMP_ProximityMine_Geth , sfxgamecontentdlc_con_mp1.SFXPowerCustomActionMP_Supercharge , sfxgamecontentdlc_con_mp1.sfxpowercustomactionmp_gethpassive , sfxgamecontentdlc_con_mp1.SFXPowerCustomActionMP_GethMeleePassive
InfiltratorQuarianMale , sfxgamempcontent.SFXPowerCustomActionMP_Cloak , sfxgamecontentdlc_con_mp2.sfxpowercustomactionmp_damping , sfxgamecontentdlc_con_mp2.SFXPowerCustomAction_EMPGrenade , sfxgamecontentdlc_con_mp2.sfxpowercustomactionmp_malequarianpassive , sfxgamecontentdlc_con_mp2.SFXPowerCustomActionMP_MaleQuarianMeleePassive
InfiltratorN7 , sfxgamecontentdlc_con_mp3.SFXPowerCustomActionMP_Cloak_N7Infiltrator , sfxgamecontentdlc_con_mp3.SFXPowerCustomActionMP_ElectricSlash , sfxgamecontentdlc_con_mp3.sfxpowercustomactionmp_shadowstrike , sfxgamecontentdlc_con_mp3.SFXPowerCustomActionMP_N7InfiltratorPassive , sfxgamecontentdlc_con_mp3.SFXPowerCustomActionMP_N7InfiltratorMeleePassive
N7InfiltratorTurian , sfxgamecontentdlc_con_mp4.SFXPowerCustomActionMP_TurianCloak , sfxgamecontentdlc_con_mp4.SFXPowerCustomActionMP_StimPack , sfxgamempcontent.SFXPowerCustomActionMP_Overload , sfxgamecontentdlc_con_mp4.SFXPowerCustomActionMP_N7TurianPassive , sfxgamecontentdlc_con_mp4.SFXPowerCustomActionMP_N7TurianMeleePassive
InfiltratorDrell , sfxgamempcontent.SFXPowerCustomActionMP_Cloak , sfxgamecontentdlc_shared.SFXPowerCustomActionMP_HomingGrenade_Shared , sfxgamecontentdlc_con_mp4.SFXPowerCustomActionMP_ReconMine , sfxgamempcontent.sfxpowercustomactionmp_drellpassive , sfxgamempcontent.SFXPowerCustomActionMP_DrellMeleePassive
InfiltratorAsari , sfxgamecontentdlc_con_mp4.SFXPowerCustomActionMP_AsariCloak , sfxgamecontentdlc_shared.SFXPowerCustomActionMP_DarkChannel2_Shared , sfxgamempcontent.SFXPowerCustomActionMP_Warp , sfxgamecontentdlc_con_mp4.SFXPowerCustomActionMP_AsariPassive_Infiltrator , sfxgamempcontent.SFXPowerCustomActionMP_AsariMeleePassive
InfiltratorFembot , sfxgamecontentdlc_con_mp5.SFXPowerCustomActionMP_FembotCloak , sfxgamecontentdlc_con_mp5.SFXPowerCustomActionMP_SnapFreeze , sfxgamecontentdlc_con_mp5.SFXPowerCustomActionMP_RepairMatrix , sfxgamecontentdlc_con_mp5.SFXPowerCustomActionMP_FembotPassive , sfxgamecontentdlc_con_mp5.SFXPowerCustomActionMP_FembotMeleePassive
VanguardHumanMale , sfxgamempcontent.sfxpowercustomactionmp_bioticcharge , sfxgamempcontent.SFXPowerCustomActionMP_Shockwave , sfxgamempcontent.SFXPowerCustomActionMP_Discharge , sfxgamempcontent.sfxpowercustomactionmp_humanpassive , sfxgamempcontent.SFXPowerCustomActionMP_HumanMeleePassive_Vanguard
VanguardHumanFemale , sfxgamempcontent.sfxpowercustomactionmp_bioticcharge , sfxgamempcontent.SFXPowerCustomActionMP_Shockwave , sfxgamempcontent.SFXPowerCustomActionMP_Discharge , sfxgamempcontent.sfxpowercustomactionmp_humanpassive , sfxgamempcontent.SFXPowerCustomActionMP_HumanMeleePassive_Vanguard
VanguardDrell , sfxgamempcontent.sfxpowercustomactionmp_bioticcharge , sfxgamempcontent.SFXPowerCustomActionMP_Pull , sfxgamempcontent.SFXPowerCustomActionMP_BioticGrenade , sfxgamempcontent.sfxpowercustomactionmp_drellpassive , sfxgamempcontent.SFXPowerCustomActionMP_DrellMeleePassive
VanguardAsari , sfxgamempcontent.sfxpowercustomactionmp_bioticcharge , sfxgamempcontent.SFXPowerCustomActionMP_Stasis , sfxgamempcontent.SFXPowerCustomActionMP_LiftGrenade , sfxgamempcontent.sfxpowercustomactionmp_asaripassive , sfxgamempcontent.SFXPowerCustomActionMP_AsariMeleePassive
VanguardKrogan , sfxgamecontentdlc_con_mp1.sfxpowercustomactionmp_bioticcharge_krogan , sfxgamecontentdlc_con_mp1.SFXPowerCustomActionMP_Carnage_KroganVanguard , sfxgamecontentdlc_con_mp1.SFXPowerCustomActionMP_Barrier_KroganVanguard , sfxgamecontentdlc_con_mp1.sfxpowercustomactionmp_kroganpassive_vanguard , sfxgamecontentdlc_con_mp1.SFXPowerCustomActionMP_KroganMeleePassive_Vanguard
VanguardHumanMaleCerberus , sfxgamempcontent.sfxpowercustomactionmp_bioticcharge , sfxgamecontentdlc_con_mp2.SFXPowerCustomAction_WhipSmash , sfxgamecontentdlc_con_mp2.SFXPowerCustomActionMP_Lash , sfxgamecontentdlc_con_mp2.sfxpowercustomactionmp_whipmanpassive , sfxgamecontentdlc_con_mp2.SFXPowerCustomActionMP_WhipManMeleePassive
VanguardN7 , sfxgamempcontent.sfxpowercustomactionmp_bioticcharge , sfxgamecontentdlc_con_mp3.SFXPowerCustomActionMP_PalmBlaster , sfxgamecontentdlc_con_mp3.SFXPowerCustomActionMP_SonicSlash , sfxgamecontentdlc_con_mp3.SFXPowerCustomActionMP_N7VanguardPassive , sfxgamecontentdlc_con_mp3.SFXPowerCustomActionMP_N7VanguardMeleePassive
VanguardVolus , sfxgamempcontent.sfxpowercustomactionmp_bioticcharge , sfxgamecontentdlc_con_mp4.SFXPowerCustomActionMP_ShieldBoost , sfxgamecontentdlc_con_mp4.SFXPowerCustomActionMP_BioticOrbs , sfxgamecontentdlc_con_mp4.SFXPowerCustomActionMP_VolusPassive , sfxgamecontentdlc_con_mp4.SFXPowerCustomActionMP_VolusMeleePassive
VanguardBatarian , sfxgamempcontent.sfxpowercustomactionmp_bioticcharge , sfxgamecontentdlc_shared.SFXPowerCustomActionMP_Lash_Shared , sfxgamecontentdlc_shared.SFXPowerCustomActionMP_BatarianArmor_Shared , sfxgamecontentdlc_shared.SFXPowerCustomActionMP_BatarianPassive_Shared , sfxgamecontentdlc_shared.SFXPowerCustomActionMP_BatarianMeleePassive_Shared
VanguardTurianFemale , sfxgamecontentdlc_con_mp5.SFXPowerCustomActionMP_LineStrike , sfxgamecontentdlc_con_mp5.SFXPowerCustomActionMP_VenomTippedBlades , sfxgamecontentdlc_con_mp5.SFXPowerCustomActionMP_BioticFocus , sfxgamecontentdlc_con_mp5.SFXPowerCustomActionMP_FemTurianPassive , sfxgamecontentdlc_con_mp5.SFXPowerCustomActionMP_FemTurianMeleePassive
