Name,Description,Tier,Capstone,Comment,Archetype
Autoloader,"Picking up ammo, reloads current weapon beyond normal magazine capacity.",1,,Destiny 2,Artificer
Eezo-Infused Ammunition,Your weapon hits have 15% chance of sending enemies flying,1,,,Artificer
Machine Spirit,"Defeating enemies with tech powers, has a 15% chance of spawning a powerful drone. Drones expire after 60 seconds. Max 3 drones can be active at the same time.",2,,,Artificer
Project Drones,Your drones and turrets have greatly increased damage and health,1,,,Artificer
Upgraded Omnitool,At the start of the round select one Tech Power. It's cooldown is reduced. Stacks.,2,,,Artificer
Masterpiece,"At the start of the game select one of your weapons as your masterpiece. 
Masterpiece gains following bonuses:
- 50% Magazine Increase
- 15% Increased rate of fire
- 15% increased damage",2,,,Artificer
Super Suit,"At the start of the game select one of following bonuses to your armor:
- Sprinting massively inceases your melee damage. Decays over 5 seconds after stopping.
- Dodging recharges portion of your shield
- Your weapons have zero recoil",3,,,Artificer
,,3,,,Artificer
,,,,,Artificer
Jika-Tabi,"Sprinting for a short time, grants a drastic movement speed increased for 8 seconds",1,,,Assassin
Tactical Advantage,"Whenever your roll or enter cover, reduce your active cooldown. ",1,,,Assassin
Ambush,Deal 200% damage to enemies above 75% health.,1,,Diablo 3,Assassin
Single Out,Gain increased melee damage against enemies who are more than x meters away from any other enemies,2,,Diablo 3,Assassin
Thrill of the hunt,"Enemies you hit with your powers, have their damage and speed reduced.",2,,Diablo 3,Assassin
Surprise Attack,"Emerging from cloak, staggers nearby enemies",2,,,Assassin
Impossible Target,Entering cloak grants temporary invincibility. Killing a nearby enemy while this effect is active cloaks the player,,Yes,,Assassin
Primed for Takedown,"Enemies hit with your powers, take additional damage from all sources",3,,,Assassin
Advanced Decoy,"Dodging leaves behind an invulnerable, mobile decoy. Only one decoy can be active at a time. Expires after 15 seconds.",3,,,Assassin
Big Bada Boom,"Throwing a grenade, reloads your current weapon",1,,,Destroyer
Bloody Mess,"Defeating enemies with grenades, triggers health regeneration",1,,I don't love this effect,Destroyer
Ammo Belt,Your Assault Rifles have drastically increased magazine size,1,,,Destroyer
Suppressive Fire!,Continuously firing your weapon grants stacking damage reduction of 5% per second. Stacks 10 times.,3,,,Destroyer
Special Sauce,Your grenades have drastically increased damage. ,2,,,Destroyer
The Geneva What?,All your Assault Rifles deal explosive damage,,Yes,"Expand on this, its not as exciting as other capstones. Maybe add something about killing multiple enemies in a short span of time (2-3 seconds) granting some huge bonus.",Destroyer
Firmly Planted,Your are immune to staggers while firing your weapon,2,,,Destroyer
Bloodthirst,Hitting enemies with your weapon regenerates a small amount of health,2,,,Destroyer
Berserker Rage,"Deal increased damage while near maximum health, deal decreased damage while in cover",3,,,Destroyer
Hair Trigger,Heavy Pistol and SMG rate of fire is increased by 25%,1,,,Gunslinger
It's High Noon,"Hitting three different enemies with Heavy Pistols or SMGs in a short span of time, grants increased movement speed, and aim assist.",1,,"Instead of this effect, lets try to replicate its high noon as an ""ultimate"" ability.

I think we can use SFXModule_AimAssist to maybe even get a High Noon-ish mechanic.",Gunslinger
Shoot from the hip,"Your Heavy Pistols and SMGs have drastically decreased recoil when shot from the hip.
Aiming them reduces rate of fire, but increases precision damage.",2,,,Gunslinger
Love and Peace,Dodging reloads your equipped Heavy Pistols and SMGs. ,2,,,Gunslinger
,,,,,Gunslinger
,,,,,Gunslinger
,,,,,Gunslinger
, ,,,,Gunslinger
,,,,,Gunslinger
Ryder's Party Trick,"Each time you use a Biotic Power, it changes to another Biotic power. Your cooldowns are greatly decreased.",,Yes,"It's a great idea, but it might be a problem to get the icons updated as well.",Anomaly
Somewhat Unlimited Power,"Every second, gain 20% more power damage. Stacks up to 10 times. Stacks reset on power use.",3,,,Anomaly
"Stop Right There, Reaper Scum","Hitting enemies with your powers, has 30% chance of putting them in Stasis.",1,,,Anomaly
Mind Trick,Your offensive powers have 10% chance to make the enemy fight for you,2,,,Anomaly
Focused Mind,Your cooldowns are drastically reduced while near full shield.,2,,,Anomaly
,,3,,,Anomaly
Vampirism,"Using your powers on nearby enemies, recharges a small portion of your shields",2,,,Anomaly
Deflect,Incoming damage is also applied to nearby enemies,1,,,Anomaly
Anomaly,"Using powers builds up Anomaly stacks. Upon reaching 7 stacks, your powers strike with more force, and apply Reave to enemies near target.",1,,,Anomaly
No Man Left Behind,"Damage resistance is greatly increased when reviving allies. 
This effect persists for 5 seconds after the revive, and is applied to the revived ally.
Reviving Allies takes less time.",1,,,Officer
Natural Leader,"Your kills grant increased damage, reload speed and cooldown reduction to nearby allies",1,,,Officer
Anti-Indoctrination,Enemies remaining in your presence have an escalating chance of switching teams. Maximum 3 enemies.,2,,,Officer
Platinum Bundle,"When receiving fatal damage, you are instead healed back to 25% life and gain a brief cloak. Can only occur once per round.",2,,,Officer
Alliance Reinforcements,Gain two permanent Alliance allies,3,,,Officer
VIP Treatment,Gain increased weapon damage and damage reduction for each ally in vicinity,1,,,Officer
Bring It Down!,Enemies targetted by your weapons take additional damage from all sources,2,,Rogue Trader,Officer
Personal Attention,"At the start of each round select an ally to inspire. Inspired allies gain a boost to their statistics. 

Inspired ally gains and provides bonuses of VIP Treatment and Natural leader at any distance. <- TBC might be too complex",3,,Rogue Trader,Officer
Special Tactics,"At the start of each round select one of 3 tactics for the team:
Fervour - Grants drastically increased health and movement speed to all allies.
Press the advantage- Whenever an ally gets a kill, they generate a portion of their ammo and grenades
Last Stand- Rate of Fire and reload speed are drastically increased while all allies stay together. Enemies in close range suffer additional damage.
",,Yes,,Officer
Outlaw,Precision kills greatly decrease reload time.,1,,Destiny 2,Sharpshooter
In The Zone,"Chaining precision kills, increases your weapon damage by 50%. Stacks 10 times and resets after 7 seconds.",2,,,Sharpshooter
Quigley's Bucket Trick,"Your precision hits, stagger enemies around the target.",1,,,Sharpshooter
Controlled Breathing,"Aiming your weapon for a short time without firing, grants increased precision damage.",1,,,Sharpshooter
There is wisdom in these walls,Entering cover grants a brief period of increased precision damage,2,,,Sharpshooter
Death from above,Drastically increase damage inflicted on enemies at lower elevation,3,,,Sharpshooter
Camping is a valid tactic,"If you haven't moved in the last  3 seconds, become cloaked. While cloaked and shortly after, your Sniper Rifles and semi-automatic Assault Rifles do not consume ammo.",,Yes,,Sharpshooter
Steady Aim,"As long as there are no enemies nearby, gain moderate target acquisition",,,,Sharpshooter
Familiar Weight,"Your Sniper rifles and semi-automatic Assault Rifles, do not affect your power cooldowns",3,,,Sharpshooter
Into the Fray,"Killing nearby enemies grants stacks of Fury.
Fury stacks grant following bonuses: 
* 10% Damage Reduction
* 15% Melee Damage Increase
At Max Fury Stacks, your Melee Attacks stagger enemies. Weaker enemies are killed on hit.",1,,Replaces YOU HAVE BIG GUTS.,Vanguard
,,,,,Vanguard
Whips and Chains Excite Me,Melee and Power damage is greatly increased while shield is broken.,,,,Vanguard
The Rorshach Test,Each nearby enemy increases power damage by 20%,,,,Vanguard
Thermaly Conductive Fists,Hitting an enemy with melee partially reloads your equipped weapon.,,,,Vanguard
,,,,,Vanguard
,,,,,Vanguard
,,,,,Vanguard
,,,,,Vanguard
,,,,,
